event_date,event_name,event_type,description
2026-01-15,Marketing budget expansion,marketing,Marketing spend increased by 25%
2026-02-10,Competitor promotion,external,Major competitor launched a discount campaign
2026-02-20,Supply disruption,supply,Supplier disruption reduced replenishment
2026-03-01,Spring promotion,marketing,Company-wide promotional campaign launched
2026-03-18,Price increase,pricing,Average selling prices increased by approximately 12%
2026-04-05,Inventory stockout,supply,High-demand Electronics SKUs experienced stockouts
2026-05-01,Marketing budget cut,marketing,Paid media spend reduced by approximately 30%
2026-05-20,New product launch,product,Six new products introduced
2026-06-15,Summer promotion,marketing,Seasonal promotional campaign launched
